content,label
‚ÄúWorry is a down payment on a problem you may never have'. ¬†Joyce Meyer. #motivation #leadership ,fear
"‚ÄúSet a goal to achieve something that is so big, so exhilarating that it excites you and scares you at the same time.‚Äù \n‚Äï Bob Proctor",joy
"I'll find Myself smiling and even laughing at jokes that I don't even think are particularly funny, and I know it's because YOU love them!",joy
"@MHChat if we don't understand how to express our emotions to others, may lead to sadness / loneliness &amp; neg impact on long term mh #MHChat",sadness
You can make excuses or you can make time. You can't make both. #time #regret #anxiety #LifeCoach,fear
Dear hipster behind me at the game I am finding it very hard to pay attention while you talk about the politics of grapes of wrath. SHUT UP!,anger
This is not me brown nosing but I've listened to lots of housing ministers but @GavinBarwellMP #nhf16 impressed me more than any #optimism,joy
The #Texans should never play a prime time game again...this is  #TNF,fear
@KseniaSolo hi little late to lost girl but think you awesome from South Afrikaans:-),sadness
"@DayveeSutton BIG thank you for liking my little Pumpkin  :)  She's the smallest of my 4, but is very playful &amp; wakes me up most mornings.",joy
@noris_prosk8r2 (Maybe don't provoke him in the future if you do not want to run the risk of him punching your board.),anger
"#PeopleLikeMeBecause they see the happy exterior, not the hopelessness I sometimes feel inside.  #anxiety #anxietyprobz",sadness
@peterdaou What? Hillary has 27 different controversies and she gets asked NOTHING about any of them. Truth is she's a horrible candidate,fear
@fixindk @RevoltRazor @dragons1015 Guys don't use that type of language. Save it for raging...,anger
"So looks like @united would rather lose all my business, than let me apply my credits towards my change fee, due to terrorism",fear
"When it comes to Syria, I get very fucking annoyed at pessimism, like I get full on triggered. Optimism or gtfo.",sadness
Maybe the entire Russian team will test positive for meldonium and the North Americans will get to replace them ,joy
I am worried that she felt safe. #unhappy,sadness
What a grim night #GetTheFireLit üî•,sadness
my dogs making the most RIDICULOUS sounds right now its like a high pitched gargle-y growl,anger
"Dropped my phone in the sink earlier.No sound, but everythin else works.Prepared myself for life without music until I put my earphones in",sadness
"@ExaltedChampion - the jest, Kara didn't chuckle, instead her baby blues were narrowed in on Adam like a warning. If his brain /wasn't/ -",sadness
@kimdelacreme_ @Srgohdatzme305  I'm there... let me know ,sadness
[Moment of levity on the B41] Baby: I want ISIS! Give me ISIS!\nMom: Shh!\nBaby: I want ISIS!\nWest Indian woman: She wants what?\nMom: *Ices*.,joy
ramos does what he does best burning haters with his head,anger
Got a $20 tip from a drunk Uber passenger. Today I get a $25 parking ticket. I'd blame karma but my dumb ass forgot to pay the meter. ,anger
I love my family so much #lucky #grateful #smartassfamily  #love,joy
@britishairways term 5 security queues at arrivals #shocking,fear
"@strangerpeace We'll have a ceremony next time we meet. It'll involve burning something, then possibly booze and/or caffeine.",anger
at least 5 ppl have left my stores in a huff in the past year but ive never had anyone call guest service on me yet so,anger
#Awareness seek #shelter .#Letgo Old #habit of chasing #desires resultin in #anger #fear #worry .#Choose #Satisfaction within #Peace #Relax,fear
Have the producers of @soverybritish ever been outside of their country? These are universal problems. #worldwide ,fear
Please stop your merriment. It is very annoying,joy
"@ShannonBeador we know the truth about her, the public is figuring it out. Her words mean nothing. #unhappy #mean #troubled #vile ",fear
"This night is sparkling, don't you let it go! I'm wonderstruck, blushing all the way home..' #ValerieBot",joy
I'm ready for October. Cooler weather and more #horror flicks on TV.,fear
"@DatelineNBC this is a sight, sound &amp; smell to behold in person--still gives me the creeps to think about. #shudder",fear
@AttentiAlGatto LOL! Why would it scare me? It doesn't make any sense at all but it doesn't scare me! {chuckles},fear
This weather making me dread work tonight,fear
@destaneex @ProSyndicate @EGX oh don't panic he's gonna be there,fear
This meth documentary is exhilarating,joy
"@spencer0415 awe, I love you kid!!",fear
Should've stayed at school cause ain't nobody here,sadness
second episode of AHS 6 here i go ,fear
Boys Dm me pictures of your cocks! The best one will get uploaded! ‚ò∫Ô∏èüí¶üí¶ #Cumtribute #dm  #snapchat #snapme #nudes #dickpic #cocktribute,anger
"I think our defense here at USC is playing well, we just need to fix a few things on offense and we can win the PAC 12 this year'",anger
#ADP's #ezlabor web portal has to be THE SLOWEST web app I have ever had the displeasure of using!!,anger
"@tariqmateen but sadly he missed some crucial and important points. Indian terrorism in pk,  kal Boshan,  etc..  Raw involvement",fear
@CornerBakery Sorry I missed you :) I stayed up late working and pondering life,sadness
@virginmedia shocking service for your call centre staff this evening. Transfer me and cut me off after waiting forever to speak to someone.,fear
@JustinTrudeau opened doors to terrorism and he will pay for it. @CP24 @globalnewsto,fear
Like he really just fucking asked me that. #offended,anger
It would appear it's a good year for the #blues,sadness
You know you exercised good when your limbs are shaking afterwards üòÇ,fear
Thank you @Pret 4 giving me a free coffee for bringing my reusable cup to the airport because it was 1st time you saw one. But #depressing,sadness
revenge,anger
A nation with a large part of the population living in #fear  of the police is neither #great nor #free  - it's actually a #fascist  nation,fear
Boys of Fall makes me miss cheering on Friday nights much sooooo bad #bulldogslwaysüêæ,joy
"I feel really nervous, or anxious. Idk. My leg keeps shaking. Hmm",fear
@Its_just_Huong I will beat you !!! Always thought id be gryffindor so this is a whole new world for me üò®üò®üò® #excited ,fear
HartRamsey'sUPLIFT If you're still discouraged it means you're listening to the wrong voices &amp; looking to the wrong source.Look to the LORD!,sadness
Watch this amazing live.ly broadcast by @kelli.peterson #lively #musically.   Come WATCH,joy
"Half past midnight, loud banging on our front door, been told about new rape cases in Edinburgh today #joyful #nosleep",joy
Ghanaians don't need to wear black to mourn tho... They can just walk naked *dodges stones* Na joke na‚òπ',sadness
@RyanAbe awe yay thank god I was so worried.,fear
The majority of my clients have family/ partner/ day job/ life AND write their beautiful books. #awe #gratitude #HARDwork,fear
will brawndo cure my depression? @MikeJudge #Idiocracytoday,sadness
Good morning! Welcome the new day into your life and your heart #mindfulness #smile #zen,joy
Threat factors in respect to provocation bulb worm: BnQo,anger
The way @AvailableCar wash their hands of their mistakes is disgraceful. Left driving round on a tyre that can burst at any moment,anger
Rooney is 5 yards off the pace in a League Cup game against Northampton Town. Let that sink in for a moment. #MUFC,sadness
@7we4k LordDerply for it. It's like yugioh for animated shows!,joy
@Author_LB Awesome. My 9 yr old grandson runs cross country. No Simon Whitfield but still a lot of fun cheering him on.,joy
when season 13 of greys anatomy premieres today. it you're only on season 7 #sadness :(,sadness
Chick told me I look like Childish Gambino. #insult or #compliment,anger
"The best part of this day, Jesus, is to snuggle up in your embrace...to rest in your arms and know you love me...üíô‚ù§ #sweetEmbrace #delight",joy
and claimed that all of the same things could scare us\nbut we were tough because of ancestry,fear
@Supergold2002 Terence- got a lot of anger issues from my family and school.,anger
@_Mrs_Peel @lp_lisa @PaulRGoulden @LisaLuscious Might be the pout of a star baker tho !,anger
@ETimsNet I wanted him dropped a while ago. Its a concern for us no doubt,fear
"And to discriminate only generates hate\nAnd when you hate then you're bound to get irate,",anger
Sanatana Lopez is definitely me üòÇ #glee,joy
We are raging angry.=1/2 bil $ for 2 pro Liars.(Actors) the most useless people in america Where is ours for working 100 X harder? @FoxNews,anger
Headed to MDW w/ layover in SLC. Got off for food. Wrong move. Bailed on my food &amp; barely made it. @SouthwestAir #WannaGetAway #Contest ,sadness
A hearty thank you to you all for joining in tonight. Some delicious British dishes on your menus. #BeerClub,joy
@andreasarahco do you actually heely on campus bc this should scare you,fear
"#Quote 'To say that You know Yourself without ever having been #lost to find Yourself, Is like saying You know everything' ~@Caligraphy215",sadness
like srsly somebody help me deal with this social anxiety,fear
Hate when guys cant control their anger üôÉüôÉ,anger
#PeopleLikeMeBecause of some unknown reason but I try to discourage it,fear
@Hannahcolleen06 I have 12 &amp; that's the only one I didn't like üòÇ mine comes out patchy. It's the only dark color by her I have tho.,sadness
#picoftheday : How...why... Really... !!\n #funny #picoftheday #lol #random #laugh #chair #of  #funnypics #virgin #cafe #i...,fear
It's about time I start taking my own advice,fear
Your #smile is a messenger of your good will.,joy
@mywrldsbl I can be your wolf if you want. Hihi~ ,joy
I'm so bored and fat and full and ridiculously overweight and rolls galore #terrible,fear
#Afghanistan Vice President Sarwar Danish slams #Pakistan for breeding #terrorism during UNGA address\n@UN #USA,fear
@Bungie spent over 2 fucking hours and still can't get that dam SIVA fragment on Fellwinters peak mountain ,anger
Everton not playing and fume on here have day off,anger
"Never fear the want of business. A man who qualifies himself well for his calling, never fails of employment.",fear
"Shame on you @SkyNews showing an elephant being hunted and killed, #shocking",fear
"Ever been really lonely and your phone keeps blowing up, but you just can‚Äôt pick it up and respond to people?  #recluse #issues",fear
@Beakmoo hmmmm...you may have a point... I thought Twitter had got dull üòÇ. LAMINATION,sadness
I hate freaking out and ruining things. #anxiety,fear
@iAmSJ I'm so mad for our clients I'm furious lmao,anger
"warning: i am a sensitive, angry, insecure baby today, but UGH why do people at large either hate or ignore me bc it is literally~the worst~",anger
@SizweM01 and it's kinda depressing hey!!! üòë,sadness
It's all about #redwine and #glee,joy
And they cover these police shootings fairly well they dont want to miss a chance to bully you,fear
"@PrinceJumbo You're welcome and thank to you likewise! What are you hoping to learn, like your no 1 concern?",fear
"#AutumnalEquinox the nights are drawing in, what a great time to look at putting up some new #lights #dark #showroom #news #wirral",sadness
When @idinamenzel says she's releasing more #IdinaParty tickets and you set an alarm to not miss it... #fingerscrossed #Idina.,fear
@T_newhouse13 as granny would say I don't know how to chirp,joy
"@ccrago It was dreadful, even after he met the Catfish he still thought it was her!",sadness
"Ready for that nice, breezy, calm, sunshine weather.üçÇüçÅ #Autumn",joy
@Naya_Eclissu + me!'\n\nAnd that's when she suddenly became quiet as her lips started to tremble \n\n'...........Naya'\n\n'I don't want to +,fear
Accept the challenges so that you can feel the exhilaration of victory. \n\n#MBMcLisse,joy
@littlepieces Customer services got involved and eventually completely wash their hands of it.  #dreamornightmare,fear
T5ylw ansh a79l shy 7lw mn wayed nas fe whatsapp,fear
It's always depressing to sort WordPress plugin recommendations not by 'best' but by 'least offensive in terms of premium features.',sadness
My bf drove out of his way after a long day just to spend 15 min holding me to make me feel better. How'd I get so lucky #lucky #happy,joy
"God, I've been so physically weak the whole day. So much shaking :(",fear
@All4 is the android app it designed to be buggy and work sporadically on a fire TV box? #shocking,fear
Just got done watching Jeepers Creepers it was epic #horror #horrormoviesarebest #movies #movie #horrorfilm üé¨üìΩüé¨,fear
Why does #terrorism exist in the first place? #AskTrumpOneQuestion,fear
@jpodhoretz I still respect you. I suppose there is so little to be gleeful about these days so take what you can. Good for you.,joy
So drunk me hid my keys very well sober me couldn't find it anywhere,sadness
@moocowward @mrsajhargreaves @Melly77 @GaryBarlow if he can't come to my Mum'a 60th after 25k tweets then why should I üôà  #soreloser,anger
"Anger that you are willing to take out on people &amp; the world in general, &amp; ALL #police, is WORST, most indefensible kind of .",anger
@MaxiNutrition order 321073 parcel 15502922895987. #awful #customercare by @DPD_UK tried to view calling card online. black image #noshow,fear
Your attitude toward your struggles is equally as important as your actions to work through them. ,joy
Paranoia is a fear every races has,fear
@StrangeFacesLA why doesn't this account follow me ,anger
no offense but could troye start dming people so i can feel like less of an idiot when i dm him thanks,anger
@Cernovich It's like the horror movie The Hills Have Eyes...,fear
Don't chase fame\nif you're going\nto resent it\nwhen it starts\nchasing you'\nWRDSMTH,anger
"My best friend gets married in three days, I have replaced all my anxiety with an eeiry calm and cat cuddles.",fear
Yellow Submarine is under tremendous pressure from Los Blancos. #WaveAfterWave #RMAVIL,fear
@pete_ferriday Aww rest your weary head here,sadness
@rosalarian i hate post con blues! But i avoided the plague too yay!! Yay constant hand sanitizer!!!,sadness
"But what will complaining, pessimism, regret, and anger get you?",sadness
"@shimian lol. DK has actually dropped from top of the table, surprisingly Arms Warrior is top of the DPS at the moment ",fear
"#GBBO is such a homely pure piece of tv gold. Channel 4 will attempt to tart it up. Mary, Sue and Mel gone. It's over. I'm out. üëã #fuming",anger
"@DevilsAdvcate @ManUtd absolutely boring.M a big Manchester United fan,  nd its really disappointing to see them play in ths dull boring way",sadness
I fear that if United bottle this my heart would actually collapse from laughter.,joy
@WestHamUtd why does the ticket website never work? Trying to buy Palace tickets and it's impossible and says there's an error #awful,fear
I seriously miss #ahsaftershow with @trixiemattel and @TheRealEdHansen. I need to talk about the mamasitas and the hunks of horror.,fear
ICQ is just making me mad!!!üò§ #icq ,anger
It is so exhilarating taking on the challenge of demonstrating + explaining WHY #JamesJoyce's #Ulysses is so endearing &amp; wonderful!,joy
Okay. Brace yourself. I will attempt my first loaf of bread in the morning. I will use a dutch oven. I will make the dough now. #nervous,fear
Idk why people be glorifying depression. I wouldn't wish real depression upon my worst enemy. Shits the worst stop acting like it's cool,sadness
Can it be 10 PM so I can sulk in my tub while listening to Lana,sadness
Stupid people piss me off...busted my ass...and my coworker takes off with all the tips...thnx for nothing #angry #thatsmyluck,anger
"But if you wish to live bitter because your guilty conscience made you think it applied to you as well then that's on you, I'm not sorryüíÅüèªüòä",anger
Yeah! Tonight it's time for the #weekend #mix @WildFM with @djkeanu and @RickWaltmann set your #alarm for 8pm #house #deephouse #ibiza,fear
"At the point today where if someone says something remotely kind to me, a waterfall will burst out of my eyes",anger
Ppl like that irritate my soul,anger
"The Lord thy God in the midst of thee is mighty; he will save, he will rejoice over thee with joy; \nZephaniah 3:17 KJV",joy
"@Harry_Styles you're the smile to my face and the beat to my heart. Thanks for being kind as much as you can be. Mind following me?üíì 96,127",joy
(whisper) I cannot frown.,sadness
"-- used as a pawn in this red woman's game] For now, try not to fret and act as if nothing is amiss. This is a royal -- @TheLadyOfGlenco",anger
"tesco. why OH why cant my Visa electron be accepted on line , I am 55 , NOT 15 ?? ",fear
Could not be happier!! ,joy
Been sober for days lmao,sadness
@captainzee44 yup. He can celebrate and no he doesn't hesitate,fear
i met with an employment specialist this morning &amp; she basically told me its unlikely i'll get a job because i clearly have too much anxiety,fear
"Don't be offended,\nI'm just doing something that,\nGives your life more hurts.\n\n #haikuchallenge  #poetry",anger
@smendler (2)  Watch out for ppl who have been filled w/ impotent rage over time - they can be led to do just about anything,anger
"@almurray hit the sink with a hammer... sorry, the universal modifier!",sadness
is it bad that kurt is literally me..? #glee,joy
@ducktapepr @midnightaction @juliea592 @catherinerusse2 I dread to think... #DirtyPeople,fear
"The 2nd step to beating #anxiety or #depression is realising that it's not about waiting for ...., Take action yourself now.",fear
Sigh. I got a B- .. #depressing,sadness
Im having a real life conundrum cuz i cant find a good spot for my mini hoop and its really starting to depress me,sadness
"We are about a little over an hour away! We will arrive soon, do not fret!",sadness
@drunkafzayn @vogueszap yes it's shocking how islamophobic Indias are considering how many Muslims live there,fear
I get so much PUSSY\nP - panic attacks \nU - uncontrollable anxiety \nS - suicidal fantasies \nS - sadness \nY - yearning for death,sadness
the world drives whoever it has assessed as tenderhearted or vulnerable to build up their guards &amp; invigorate raging self defense mechanisms,anger
Joes gf started singing all star and then Joe got angry and was all sing it right and started angrily singing it back at her,anger
Bored rn leave Kik/Snapchat #kik #kikme #kikmessage #boredaf #bored #snapchatme #snapchat #snap #country #countrygirl,anger
"as someone that's struggled w EDs since i was 7y/o, i resent everyone who's making a spectacle of a certain youtuber who has severe anorexia",anger
Look at me. Made it through the day without a meltdown. #anxiety,fear
"@andrewmcmeme nah, I asked really insightful teacherly questions so he could write a kickass report of his own. He will, sadly, never know",sadness
@SteveStratford9 @PaulTowheyJr @ClassicDrWho @BBC @bbcdoctorwho all those will get animated IMO. Companion changes/Monsters/Classics.,joy
@TalkTalkCare  how on earth can I send an email to you? Very annoyed customer!!! ,anger
"@huwellwell One chosen by the CLP members! MP seats are not for people to dole out to their mates, we elect candidates. ",anger
"@VeyGraphics I had to unfollow, he got trolled by trolls. His revenge trolling just caused a lot of collateral damage.",anger
Cmon blues we are 2 home games away from another CC semi - I love those Wembley away days. Being on anyone at home please! ‚öΩ,sadness
@RyhenMessedUp goodbye despair,fear
The pine colada starburst nasty. Don't @ me,sadness
This is the first time I've been sober on my birthday in 6 years. #recovery #sobriety #sober #soberissexy #sobernative,sadness
"@ShannonBeador we know the truth about her, the public is figuring it out. Her words mean nothing.  #unhappy #mean #troubled #vile #bully",fear
It serves a gloomy higher than the wolves of the village,sadness
watching this uni reveal is so depressing i miss stingrays :(,sadness
I just want to let everyone out there know you are wonderful people! #beyourself   #late-night #compliment #behappy,joy
@Cherie_Fitz it's being extremely playful,joy
I wanna see you smile I don't wanna see you make a frown,anger
"It's easy to #fall #asleep in class, but hard to in bed. #True  #whileyouweresleeping #insomnia #TeamFollowBack #RockTheReTweet",sadness
Henderson showing that when times are hard he leaves or goes missing #AFLCatsSwans #seenitbefore #lions #blues,sadness
@sardesairajdeep @narendramodi. U seem 2 b more happy abt the dvlpt Nything dat fails for Modi make u elated even @the cost of de country?,joy
Might start stanning Lady Gaga again - more so than last time - but shhh don't tell Connor,fear
Why is it so windy? So glad I didn't ride my bike.  #wind,fear
"@TheJuanWilliams Where is your indignation and outrage over the UNARMED DEAF WHITE man who was shot and killed by black officer in CLT, NC?",anger
Getting ready to open the tastings at Whisky Shop Dufftown Autumn festival!  #murraymcdavid #whisky #drams,fear
@Elaminova sparkling water makes your life sparkly,joy
When you realize there is #NoHopeForHumanity so you just #start focusing on what's #best for you.,fear
@EE your website is making me feel violent rage and your upgrade options aren't helping either. #Aaaaarrrrgghhh #iwanttocancel #rage,anger
I'm wearing yellow today to bring a little sunshine to this gloomy day #yourewelcome,sadness
"A lot of positives tonight. A clean sheet, Payet got some free kick practice, Zaza looked lively and made a lot of good runs",joy
@happyandbashful @Teigngardener @CEVokins @gardengirllucy Don't provoke the Voke.,anger
The 2008 crisis was just the tremor In advance of the earthquake',fear
@CUTEFUNNYANIMAL @luvcaps19 My sister's dog does this. I think it's because she knows it'll provoke a reaction,anger
"A cheerful heart is good medicine, but a broken spirit saps a person's strength.' {Proverbs 17:22} #WednesdayWisdom",joy
‚ú®you make me happy @EthanDolan @GraysonDolan‚ú®,joy
"@airtelindia have some issues with my broadband bill ,I am charged for the month before I signed up with airtel.. ",joy
He's mixing it up pretty well..using that slider pretty affective so far #thebabybombers #yankees #offense,anger
Height of irritation when a person makes a hilarious chusssss.... Plz die....üò¨üò¨,anger
"Probably gonna end up seriously poorly at some point soon, so tired, and go from freezing to boiling in the space of seconds",anger
I'm literally never home and my parents threaten to charge rent if I don't start cleaning the house everyday. OK.,fear
"Good luck to all Fury-Haney players playing this weekend at the Future Stars showcase in Frisco, Tx. #KGB #G-town ",anger
"Hi Luke hemmings\n\nüíêüå∏üíê\n\nIf I had a flower for every time you made me smile, I'd have a garden. Please follow me? \n\nüíêüå∏üíê\nI love you. x16,092",joy
"I'm absolutely in love with Laurie Hernandez, she's so adorable and is always so cheerful!",joy
"@chutneysupercat hi lovely brownie, MM is calling me tuppytupperware.. its awful",fear
"I know few will mourn the loss of Stitch's Great Escape, but...see, THIS is the kind of cost-cutting at parks I really don't care for.",sadness
"Ya tremble like Mr. Cooper, yo we hanging",fear
Tweeting from the sporadic wifi on the tube #perilous,fear
"@Sami749263491 yeah whatever, whahibbi are #muslims just a sect, as you know,  #islam is synonymous with #rape and #terrorism",fear
the thing with Twitter is i only remember to tweet when i'm bored or alone and then it comes across like i have a really dull and sad life.üëΩ,sadness
lost 11 lbs since I got married (eating healthy) &amp; ive gone from a 9:47 mile to a 8:50 mile in 2 weeks. #areyousureimagedout #fitness,sadness
@AriZernial @NesquikMills don't let him discourage you Z! That's one of the best ideas yet!,sadness
@Markk1872  Red heads are more fiery.,anger
"@modelady24 I know, right? I had a tinge of the same thought. Glad it's Six from BSG, though. Happy the show stayed consistent after break.",sadness
In other news. My legs hurt. #running #5kin26mins  #flatfeet,fear
@Bridget_Jones was joyous. Worried I would be disappointed. Most definitely was not. #chickflick #giggles #comethefuckonbridget,joy
@theGenghisJon You had to do some research to come up with new insult.  Are you allowed to read anything but brietbart?,anger
hey long time no tweet but im rooting for paul to win bc he is the only one that played bb and james for 2nd bc he doesnt irritate me #BB18,anger
i made a squirrel friend today! i gave him the core of the plum i was eating. he seemed very happy.,joy
watching my first Cage of Death and my word this is tremendous,fear
"So depressing to watch news, today out of 100 bullet news 10 were of rape! What's wrong with people #india #shameless #depressing",sadness
@SeanLTheWriter Agree 100%... B. Marshall another concern... would much rather he rested this game...,fear
Has anyone else had a bad experience with Poundstretcher? #nightmare firm,fear
"@PhilGlutting Hey There Phil Glutting thank you for following us, it's appreciated :) ",joy
"your outrage (your tweets, your jokes, your attention) is *exactly* what M*lo wants\n\n(this is not meant as a defense)",anger
#PiersGough on thoroughly lively and imaginative developers‚Äî‚ÄúSager have always challenged us to do better and do better.‚Äù @IslingtonSq,joy
Panpiper playing Big River outside The Bridges in SR1 #outrage,anger
"And getting offended or furious that a writers style isn;t to your taste is ultimately daft, I suppose.",anger
Let go of the need to need. And find your own joyous path through the richness that extends in every direction.,joy
I'm not the type to flee from adversity nor does it discourage me. I'll always stand strong in the paint,sadness
@Batman_ofgotham Her golden brown hues met with those baby blues as her arms crossed over the breasts he had been gulking at. 'Let me guess-,sadness
Another L on the board we just cannot match up on paper with these teams at the moment and its showing on the field. Onto Denver ,anger
"@huwellwell One chosen by the CLP members! MP seats are not for people to dole out to their mates, we elect candidates. #fuming",anger
@BBCTomEnglish @TimesSport And the dreadful Franglaise.,sadness
The war is right outside your door  #USAToday,anger
@nytimes I'm trying to imagine the first response of a President Trump to an act of terror. The thought itself terrorizes me.,fear
@CNN please fire don lemon!!Do not let him report on anymore  protest. He is #horrible #negative and runs away from the issue at hand!,fear
This nigga doesn't even look for his real family üôÑüòÇ ,sadness
@BuzzFeedAndrew @MattMurph24 start a countdown clock to reporting that pompous bully &amp; liar christie is asking president HRC for a pardon,fear
@GreatFallVoyagr #bitter sums it up! Congrats Nicole! that's all folks #bb18 now onto #survivor !,anger
I highly suggest if you are looking online for a company to help you send you're package overseas..DO NOT EVER EVER USE @FastLaneInt #horrid,fear
"Feminists should ask themselves, why they're so unhappy, and why they lack love in their lives. Is it b/c they are fighting a losing game?",sadness
So nervous I could puke,fear
"@Diana_Buds well, did she make you laugh with her panic mania or not??¬ø",fear
@Evan_McMullin He's spent his campaign dividing people up and pitting them against each other. His message is to fear and resent the 'other',anger
Why did Alex just growl at me.. üòÇüòÇüòÇ,anger
@Piggiewhopays lmao! I can only imagine the frown across that face of yours. #Hilarity,anger
"@JonRiley7 #VoteYourConscience or succumb to #fear? 'He is #scary, he is #dangerous!' -@HillaryClinton's #alarmist #PATRIOTACT platform.",fear
HUGE CONGRATULATIONS TO NICOLE WINNING BIG BROTHER 18! @BBNicole #BB18 sorry not sorry  #bbmichelle,anger
I'm going to get the weirdest thank you note--or worse--total silence and no acknowledgement. #anxiety,fear
"I don't know what's worse, the new Pizza Hut commercials or the pizza that Pizza Hut makes. ",fear
@TheRachelFisher i've seen a bunch of that on another twitter feed and I remember you had an opinion on it ,fear
It's all about #redwine and ,joy
@strictlysimilak something about English sparkling wine would be good. Or farmhouse cider. Or Italian cocktails. Thanks.,joy
Oh man it's been so long since I've played #madden I am trash anymore.,anger
@AnjiDunlap droop in leggings? Are they wearing XXXL?,sadness
"Tomorrow, is the FIRST DAY OF üçÇüçÇFALLüçÅüçÅand I'm elated!!!!!",joy
@CesarSampao @thisisbolton don't get me started on town centre. Used to go every week.... not been for 18 months ,fear
@KClarkSC2 @JohamasSC2 with their faggy colors are nice' is ok too. Even tho some might take offense because WORDS LOL.,anger
"there is no shame in fear, what matters is how we face it.",fear
"@NancyErvin4 The most ghastly thing is the silence from the #AARP. Trump says he won't touch SS, but his tax plan belies that.  Huge cuts.",fear
@grumpy_pumper I involuntarily smile when you frown in photos. And giggle. How annoying!!,sadness
@AASadeq I scare people even when I'm suspended? LOL,fear
Come and join in with #cakeclubhour tomorrow afternoon from 3pm! #bizhour ,joy
Maybe the entire Russian team will test positive for meldonium and the North Americans will get to replace them #optimism,joy
"@GreatDismal @Bencjacobs and it‚Äôs gleeful because they‚Äôre so inspired, so convinced they‚Äôre winning and at last have their strongman",joy
This has been the most depressing week full of rain ever lol,sadness
"They'll be yo friend, shake your hand, then kick in yo door thas the way the game goü§ñü§ê.",fear
Will give #sleepnumber another chance for customer service. Today's growl is 15+ minutes on hold. Overall bed + service = very unimpressive.,anger
Oi @THEWIGGYMESS you've absolutely fucking killed me.. 30 mins later im still crying with laughter.. Grindah.. Grindah... ü§ì  hahahahahahaha,joy
@slashersocial #horror H3LL I SURE DID!!! LOL\nHappy about this decision. :),fear
@louiseannexx u fucked my house up I'll always hold a grudge,anger
@jkriv You're most welcome. Please check with us anytime you have a question or concern.,fear
He's intimidated by my work ethic I think he knows I want his spot ü§îüòâüòÇüòÇ,fear
Ive always wondered how long Angelina put up with Brad's crap. Not gon lie üòê #bitter,anger
@rclemmons much #sadness and #heartbreak,sadness
"@stephenfhayes Mustard gas = hostile work environment, not #terrorism; call #OSHA not #military",fear
"Do not #educate your child to be #rich, educate them to be #happy. So when they grow up, they'll know the #value of things, not the price.",joy
"Awe produces gratitude, gratitude instills joy, &amp; the harvest of joy is contentment.' \n\n‚Äì@PaulTripp #awe üò≠üò≠üò≠",fear
@curlygirlmimi guess is cause you small and girly. I dunno how this works.. I did frighten though.. She's. A big'un,fear
"You're so thirsty for the chance to disagree w/ the left, that you don't even realize when something is an affront to your bigoted platform.",anger
"Bake off on TV and the Match on my phone, what a nightmare I'm so stressed #GBBO #NTFCVMUFC",fear
Side chick's be trying to fuck u like your going to forget about your wife when your done. #terrible,fear
@MessYourself why? Do you have depression?,sadness
SO many great pics from the show in Tokyoüòç I like all his outfits now except the lace one w those horrible pants....üíÅ,fear
@Who_JN I've been having a quad shot every day and can sleep right after... it's time to detox üòÖ I get raging migraines without coffee :/,anger
@torreBe Te gusta American horror story y The walking dead?,fear
@TheBarmyArmy looking forward to div 2 next year @AndyBarmyArmy? #revenge #leictershireaway #therey,anger
Never let the sadness of your past ruin your future,sadness
@dilancliff @jackcourtney95 @ConnorGarnett1 Connor said he's worried that Jack will steal his girls on a night out ,fear
If you think reason will prevail in this election remember that Hitler was elected by what was then a wholly 'reasonable' society. #fear,fear
@MHChat Childood experiences can  leave you with permanent deep sadness as adult  it can underlie everything #MHChat,sadness
How on earth can the projection of all that is good and happy and true in my soul be a poisonous fucking snake? #patronus #adder #offended,anger
"@HillaryClinton evidently @realDonaldTrump feels above #norms. SHOW the #tax return, if you have nothing to ",fear
"smh customers getting angry at me bc i aint got no marlboro lights in the gas hut. i called them in 2 hours ago, fuck you.",anger
@BroggersM19 @Calum250284 He had been retired 20 minutes ago by most blues on here üòä,sadness
"Really planned on making videos this week. Then. A tv died, phone broke, truck died, #depression took over. I'm wondering what I did 2 karma",sadness
Such merriment &amp; laughter from @dadwroteaporno at @KingsPlace &amp; an instructional PowerPoint presentation.Well done to all concerned &amp; thanks,joy
Remember when Joe and Quinn had a thing on glee,joy
@icuminhoesasses Think about it if he need white peoples votes wouldn't just reach out about things that only concern them &amp; leave out rest?,fear
"Val got a little too big for her hiking boots with that bakewell, the little terror #GBBO",fear
@JMRescue not brilliant lol! Hoping seeing my horse tomorrow will cheer me up üòÑ #equestrianhour,joy
"Good Master Vernon, welcome, nephews, from Bellario :\nThere is my lord, that thou interrupt'st our merriment.",joy
@simmy_hanley @Schrise also a ,joy
"I believe the work I do is meaningful; my clients would agree but at the end of the day, I feel like a pawn, lost in this chaotic world.",sadness
"This night, room polluted with syringes, notebooks and shadows moving, this kind of night! Away melancholy, away!",sadness
"Our tone of voice: we're like One Direction, we're thoughtful and timid, yet playful",joy
Awake at 5.30am with a seriously bad throat üò©üò©üò©üò©üò∑ü§í glands feel huuuuuuuge and I'm in uni soon! #grim,sadness
Manchester derby at home #revenge,anger
"@happyandbashful Flirt, simper, pout, repeat. Yuck.",anger
Annoyed with @TripAdvisorUK bullying me to download an app that eats my phone memory. Will seek alternative from now.  #tripadvisor,fear
"@_Adam_Price @WalesPolitics  Am afraid you're at back of BBC queue, editorially trumped by Ron Davies and bicycle paths",fear
The #sober equivalent of being in a #bar women's restroom is the #salon. Everyone compliments each other &amp; become friends. I love it,sadness
"‚Äîbut he just can't. He feels tired but also restless. So here he now, scrolling his own music player, playing some music through his‚Äî",fear
Need good vibes for my doctors appointment tomorrow! #nervous,fear
That moment of #panic when your zipper gets stuck when you're in the #bathroom and you realize the only way out of your jeans is #scissors,fear
@wenniss are you cheering for team Sweden today or team North American?,joy
Boy oh boy! our weekday schedule is crazy! But no matter how tired I am I do whatever it takes to keep the smile on Kai's face from a frown,sadness
sav tells our mom 'I love you' and she responds 'Oh.' ,sadness
"BibleMotivate: Are you worrying/worried?\n1Peter 5:7\nThrow all your worry on him, because he cares for you.#faith #leadership #worry #mindfu‚Ä¶",fear
I'm so nervous,fear
I feel like an appendix. I don't have a purpose.  #depressed  #alone #lonely #broken  #cry #hurt #crying #life,sadness
"BTW, offended policy wonks, H only had one real proposal: eliminate subminimum wage. Probably good, but might discourage hiring of disabled.",sadness
I wonder if the #wolfcreek TV show is sponsored by the anti-tourist board of Australia to discourage visitors? #stayathome #dontvisit,sadness
@AliKhanSays Oh come on. RAW and ISI have been spying for decades. Spying and supporting terrorism is two different thing.,fear
Looking nice forward to playing at Paper Dress Vintage in Hackney this evening - get there early as I'll be on at 8pm! @paperdressed #blues,sadness
